-- phpMyAdmin SQL Dump
-- version 5.2.0
-- https://www.phpmyadmin.net/
--
-- Хост: localhost
-- Время создания: Авг 30 2023 г., 15:43
-- Версия сервера: 8.0.31
-- Версия PHP: 8.1.12

SET SQL_MODE = "NO_AUTO_VALUE_ON_ZERO";
START TRANSACTION;
SET time_zone = "+00:00";


/*!40101 SET @OLD_CHARACTER_SET_CLIENT=@@CHARACTER_SET_CLIENT */;
/*!40101 SET @OLD_CHARACTER_SET_RESULTS=@@CHARACTER_SET_RESULTS */;
/*!40101 SET @OLD_COLLATION_CONNECTION=@@COLLATION_CONNECTION */;
/*!40101 SET NAMES utf8mb4 */;

--
-- База данных: `vetrov_k_a`
--

-- --------------------------------------------------------

--
-- Структура таблицы `department`
--

CREATE DATABASE hospitaldb;
USE hospitaldb;

CREATE TABLE `department` (
  `id` int UNSIGNED NOT NULL,
  `head` int UNSIGNED DEFAULT NULL,
  `name` varchar(50) NOT NULL
) ENGINE=InnoDB DEFAULT CHARSET=utf8mb3;

--
-- Дамп данных таблицы `department`
--

INSERT INTO `department` (`id`, `head`, `name`) VALUES
(1, 13, 'Терапевтическое'),
(2, 2, 'Рентгеновское'),
(3, 12, 'Стоматологическое'),
(4, 14, 'Профилактики'),
(5, 16, 'Лаборатория');

-- --------------------------------------------------------

--
-- Структура таблицы `doctor`
--

CREATE TABLE `doctor` (
  `id` int UNSIGNED NOT NULL,
  `department_id` int UNSIGNED DEFAULT NULL,
  `name` varchar(50) NOT NULL,
  `salary` int NOT NULL
) ENGINE=InnoDB DEFAULT CHARSET=utf8mb3;

--
-- Дамп данных таблицы `doctor`
--

INSERT INTO `doctor` (`id`, `department_id`, `name`, `salary`) VALUES
(1, 4, 'Хохлов Георгий Иванович', 64709),
(2, 2, 'Лебедев Милан Андреевич', 57491),
(3, 3, 'Сергеева Фаина Борисовна', 49612),
(4, 1, 'Фокин Игнатий Андреевич', 50951),
(5, 4, 'Ларионов Дмитрий Борисович', 59821),
(6, 4, 'Шарова Альбина Алексеевна', 55544),
(7, 5, 'Игнатьев Георгий Евгеньевич', 38346),
(8, 5, 'Гуляева Мальвина Ивановна', 40647),
(9, 5, 'Павлова Юлия Александровна', 67621),
(10, 3, 'Зиновьева Евгения Евгеньевна', 32262),
(11, 5, 'Лукин Владислав Сергеевич', 61722),
(12, 3, 'Якушева Анастасия Борисовна', 59846),
(13, 1, 'Артемьева Виктория Сергеевна', 48151),
(14, 4, 'Петухова Анфиса Алексеевна', 58318),
(15, 4, 'Муравьёва Дарья Владимировна', 51097),
(16, 5, 'Терентьев Владислав Максимович', 42681),
(17, 5, 'Ларионов Марат Евгеньевич', 34536),
(18, 4, 'Кузьмин Всеволод Максимович', 48143),
(19, 5, 'Сазонов Мирослав Борисович', 37455),
(20, 1, 'Фёдоров Леонид Львович', 62036);

-- --------------------------------------------------------

--
-- Структура таблицы `patient`
--

CREATE TABLE `patient` (
  `id` int UNSIGNED NOT NULL,
  `name` varchar(50) NOT NULL,
  `birthday` date DEFAULT NULL,
  `phone_number` varchar(20) DEFAULT NULL
) ENGINE=InnoDB DEFAULT CHARSET=utf8mb3;

--
-- Дамп данных таблицы `patient`
--

INSERT INTO `patient` (`id`, `name`, `birthday`, `phone_number`) VALUES
(1, 'Рожкова Дина Дмитриевна', '1995-03-01', '(495) 597-8975'),
(2, 'Веселова София Фёдоровна', '1946-11-06', '(495) 492-9992'),
(3, 'Сазонов Пётр Владимирович', '1979-07-17', '+7 (922) 214-0804'),
(4, 'Никифоров Геннадий Евгеньевич', '2001-08-23', '(35222) 16-7479'),
(5, 'Одинцов Алексей Романович', '1966-12-16', '(35222) 35-9899'),
(6, 'Кириллов Адриан Фёдорович', '1975-03-27', '+7 (922) 578-8834'),
(7, 'Гордеев Егор Львович', '1975-04-05', '+7 (922) 274-9649'),
(8, 'Морозова Людмила Владимировна', '1947-07-05', '(35222) 04-5009'),
(9, 'Ситников Мирослав Владимирович', '1962-06-09', '(35222) 30-8227'),
(10, 'Зиновьева Мальвина Борисовна', '1973-06-24', '(812) 844-58-75'),
(11, 'Тихонов Всеволод Александрович', '1985-02-16', '(812) 101-79-48'),
(12, 'Зыкова Нина Фёдоровна', '1958-04-06', '8-800-658-0126'),
(13, 'Ковалёв Герман Львович', '1965-10-16', '8-800-154-8146'),
(14, 'Сафонова Антонина Ивановна', '1976-07-18', '+7 (922) 872-5937'),
(15, 'Ефимова Дина Борисовна', '1989-03-26', '+7 (922) 987-1500'),
(16, 'Егорова Розалина Сергеевна', '1979-06-10', '+7 (922) 045-9171'),
(17, 'Фомичёв Мирослав Фёдорович', '2001-11-27', '(495) 855-8230'),
(18, 'Евсеев Феликс Александрович', '1951-08-24', '(812) 679-58-35'),
(19, 'Шилов Егор Владимирович', '1952-02-22', '+7 (922) 585-8306'),
(20, 'Федотова Капитолина Борисовна', '2004-05-04', '+7 (922) 242-7635');

-- --------------------------------------------------------

--
-- Структура таблицы `rendered_service`
--

CREATE TABLE `rendered_service` (
  `id` int UNSIGNED NOT NULL,
  `patient_id` int UNSIGNED DEFAULT NULL,
  `doctor_id` int UNSIGNED DEFAULT NULL,
  `service_id` int UNSIGNED DEFAULT NULL,
  `service_date` date NOT NULL,
  `cost` int NOT NULL
) ENGINE=InnoDB DEFAULT CHARSET=utf8mb3;

--
-- Дамп данных таблицы `rendered_service`
--

INSERT INTO `rendered_service` (`id`, `patient_id`, `doctor_id`, `service_id`, `service_date`, `cost`) VALUES
(1, 15, 4, 6, '2022-11-02', 357),
(2, 19, 13, 7, '2022-02-11', 588),
(3, 20, 9, 5, '2022-05-24', 346),
(4, 5, 17, 2, '2022-01-17', 199),
(5, 2, 3, 1, '2022-12-17', 367),
(6, 12, 5, 1, '2022-01-21', 346),
(7, 7, 11, 5, '2022-03-02', 346),
(8, 13, 4, 3, '2022-08-23', 168),
(9, 6, 8, 10, '2022-06-03', 230),
(10, 8, 6, 10, '2022-09-16', 216),
(11, 20, 12, 10, '2022-05-30', 256),
(12, 4, 4, 6, '2022-03-06', 367),
(13, 13, 5, 7, '2022-10-25', 583),
(14, 14, 1, 7, '2022-01-09', 495),
(15, 10, 17, 5, '2022-09-15', 325),
(16, 17, 3, 10, '2022-02-04', 261),
(17, 8, 2, 5, '2022-12-03', 367),
(18, 17, 13, 5, '2022-06-28', 350),
(19, 14, 11, 2, '2022-02-13', 189),
(20, 2, 1, 7, '2022-04-08', 495),
(21, 8, 6, 2, '2022-04-06', 222),
(22, 11, 2, 9, '2022-04-29', 742),
(23, 4, 15, 6, '2022-10-27', 318),
(24, 2, 15, 1, '2022-10-13', 353),
(25, 7, 13, 3, '2022-04-23', 178),
(26, 14, 7, 4, '2022-01-01', 303),
(27, 5, 3, 7, '2022-03-07', 572),
(28, 17, 16, 4, '2022-08-27', 291),
(29, 10, 8, 1, '2022-10-19', 315),
(30, 17, 20, 3, '2022-05-31', 175),
(31, 11, 2, 3, '2022-03-01', 176),
(32, 1, 18, 6, '2022-04-24', 360),
(33, 13, 16, 10, '2022-03-13', 240),
(34, 11, 8, 3, '2022-03-31', 185),
(35, 13, 5, 7, '2022-06-30', 588),
(36, 12, 14, 10, '2022-12-09', 223),
(37, 19, 12, 8, '2022-10-25', 1040),
(38, 7, 6, 8, '2022-06-21', 1050),
(39, 20, 11, 10, '2022-05-07', 249),
(40, 13, 18, 1, '2022-11-14', 315),
(41, 6, 2, 9, '2022-04-05', 658),
(42, 19, 3, 8, '2022-02-03', 1100),
(43, 8, 15, 5, '2022-04-04', 343),
(44, 12, 6, 1, '2022-09-28', 367),
(45, 20, 3, 1, '2022-01-28', 360),
(46, 20, 8, 3, '2022-09-28', 161),
(47, 18, 11, 1, '2022-03-10', 353),
(48, 15, 1, 8, '2022-11-12', 940),
(49, 10, 14, 7, '2022-02-13', 511),
(50, 7, 2, 4, '2022-09-04', 285),
(51, 6, 9, 6, '2022-04-29', 353),
(52, 1, 7, 7, '2022-03-01', 577),
(53, 1, 14, 3, '2022-03-31', 164),
(54, 3, 14, 10, '2022-08-08', 220),
(55, 12, 15, 1, '2022-12-27', 378),
(56, 19, 17, 5, '2022-04-25', 385),
(57, 1, 4, 8, '2022-05-20', 1080),
(58, 5, 9, 4, '2022-09-26', 273),
(59, 11, 12, 4, '2022-09-02', 285),
(60, 7, 5, 2, '2022-05-07', 216),
(61, 9, 12, 7, '2022-06-09', 555),
(62, 2, 10, 3, '2022-01-17', 159),
(63, 4, 9, 9, '2022-03-11', 756),
(64, 3, 7, 7, '2022-01-28', 539),
(65, 5, 18, 6, '2022-07-29', 336),
(66, 9, 15, 7, '2022-03-14', 533),
(67, 17, 7, 7, '2022-08-14', 522),
(68, 14, 11, 10, '2022-12-16', 237),
(69, 16, 9, 9, '2022-12-26', 721),
(70, 11, 16, 4, '2022-08-19', 321),
(71, 20, 8, 9, '2022-01-01', 770),
(72, 5, 2, 9, '2022-11-21', 742),
(73, 11, 5, 5, '2022-10-29', 346),
(74, 11, 7, 9, '2022-12-28', 693),
(75, 17, 9, 3, '2022-07-15', 181),
(76, 15, 3, 4, '2022-05-12', 327),
(77, 18, 1, 3, '2022-12-14', 171),
(78, 1, 1, 2, '2022-08-21', 231),
(79, 11, 10, 4, '2022-01-29', 282),
(80, 3, 9, 4, '2022-06-28', 288),
(81, 7, 6, 3, '2022-08-18', 171),
(82, 12, 8, 9, '2022-08-04', 749),
(83, 7, 3, 6, '2022-04-22', 343),
(84, 19, 15, 10, '2022-03-15', 216),
(85, 3, 1, 6, '2022-08-05', 385),
(86, 12, 7, 1, '2022-06-15', 371),
(87, 11, 10, 9, '2022-01-21', 693),
(88, 12, 15, 10, '2022-03-10', 244),
(89, 1, 13, 10, '2022-07-16', 230),
(90, 9, 9, 1, '2022-03-22', 374),
(91, 20, 16, 7, '2022-04-07', 599),
(92, 9, 2, 9, '2022-12-28', 756),
(93, 1, 11, 6, '2022-09-04', 336),
(94, 7, 8, 3, '2022-04-14', 163),
(95, 2, 5, 5, '2022-07-15', 374),
(96, 4, 18, 10, '2022-03-25', 237),
(97, 7, 14, 8, '2022-06-05', 980),
(98, 12, 13, 10, '2022-04-15', 254),
(99, 7, 4, 2, '2022-04-10', 203),
(100, 9, 18, 5, '2022-06-09', 381),
(101, 10, 5, 1, '2022-04-11', 360),
(102, 11, 12, 9, '2022-01-25', 707),
(103, 14, 9, 6, '2022-03-21', 374),
(104, 8, 3, 2, '2022-12-15', 214),
(105, 11, 1, 9, '2022-09-19', 742),
(106, 14, 6, 2, '2022-11-07', 193),
(107, 16, 5, 6, '2022-10-28', 350),
(108, 19, 12, 9, '2022-11-17', 735),
(109, 17, 3, 8, '2022-04-13', 1030),
(110, 6, 12, 1, '2022-08-15', 367),
(111, 17, 11, 2, '2022-07-09', 189),
(112, 19, 19, 8, '2022-06-24', 1030),
(113, 12, 10, 9, '2022-05-04', 721),
(114, 2, 9, 9, '2022-11-13', 672),
(115, 13, 11, 9, '2022-04-21', 749),
(116, 3, 16, 9, '2022-04-30', 644),
(117, 20, 8, 6, '2022-05-23', 357),
(118, 11, 20, 10, '2022-08-13', 244),
(119, 19, 18, 8, '2022-01-31', 1020),
(120, 5, 4, 7, '2022-07-07', 522),
(121, 5, 2, 8, '2022-07-22', 990),
(122, 15, 18, 5, '2022-09-07', 357),
(123, 10, 6, 10, '2022-08-13', 218),
(124, 8, 1, 10, '2022-08-25', 232),
(125, 4, 10, 1, '2022-02-08', 332),
(126, 10, 1, 5, '2022-03-13', 325),
(127, 3, 17, 9, '2022-11-13', 735),
(128, 18, 7, 3, '2022-06-19', 178),
(129, 11, 14, 6, '2022-12-15', 353),
(130, 5, 7, 7, '2022-05-18', 528),
(131, 13, 16, 2, '2022-04-15', 216),
(132, 1, 8, 7, '2022-11-07', 495),
(133, 8, 18, 10, '2022-05-21', 223),
(134, 16, 17, 10, '2022-06-10', 259),
(135, 2, 16, 2, '2022-01-20', 197),
(136, 6, 3, 7, '2022-08-16', 506),
(137, 7, 10, 5, '2022-06-03', 339),
(138, 1, 14, 3, '2022-12-17', 183),
(139, 9, 1, 2, '2022-10-24', 231),
(140, 8, 10, 4, '2022-12-14', 303),
(141, 12, 11, 7, '2022-06-07', 583),
(142, 13, 4, 8, '2022-05-23', 920),
(143, 5, 9, 4, '2022-02-17', 300),
(144, 10, 20, 1, '2022-03-07', 329),
(145, 11, 8, 9, '2022-03-24', 721),
(146, 16, 11, 2, '2022-02-07', 228),
(147, 3, 16, 9, '2022-06-08', 672),
(148, 3, 8, 6, '2022-04-29', 322),
(149, 8, 14, 9, '2022-09-25', 714),
(150, 4, 14, 5, '2022-11-28', 378),
(151, 11, 11, 4, '2022-06-04', 297),
(152, 19, 7, 2, '2022-11-12', 222),
(153, 13, 8, 7, '2022-11-05', 533),
(154, 1, 7, 8, '2022-06-22', 910),
(155, 4, 2, 10, '2022-03-14', 249),
(156, 8, 9, 7, '2022-12-14', 594),
(157, 18, 13, 1, '2022-03-15', 360),
(158, 11, 20, 6, '2022-08-24', 360),
(159, 16, 7, 4, '2022-01-02', 318),
(160, 3, 9, 1, '2022-09-03', 381),
(161, 5, 1, 1, '2022-09-14', 350),
(162, 14, 10, 8, '2022-09-02', 1030),
(163, 20, 4, 1, '2022-02-04', 339),
(164, 2, 9, 5, '2022-04-11', 374),
(165, 16, 10, 8, '2022-03-28', 950),
(166, 6, 13, 9, '2022-05-19', 735),
(167, 2, 14, 9, '2022-11-22', 707),
(168, 4, 5, 5, '2022-07-21', 322),
(169, 18, 7, 10, '2022-10-09', 264),
(170, 20, 14, 6, '2022-03-02', 318),
(171, 12, 4, 7, '2022-06-28', 511),
(172, 14, 10, 5, '2022-02-14', 364),
(173, 15, 18, 10, '2022-03-24', 252),
(174, 7, 16, 1, '2022-11-24', 364),
(175, 1, 10, 7, '2022-11-02', 550),
(176, 16, 13, 2, '2022-06-24', 205),
(177, 6, 7, 8, '2022-08-13', 950),
(178, 20, 5, 10, '2022-07-06', 220),
(179, 1, 17, 2, '2022-12-10', 205),
(180, 15, 3, 7, '2022-05-08', 544),
(181, 6, 3, 9, '2022-07-25', 630),
(182, 3, 19, 3, '2022-04-17', 176),
(183, 4, 12, 6, '2022-01-12', 385),
(184, 12, 18, 1, '2022-07-24', 374),
(185, 7, 2, 9, '2022-09-05', 770),
(186, 12, 6, 2, '2022-08-14', 195),
(187, 15, 12, 8, '2022-03-02', 1070),
(188, 18, 13, 3, '2022-07-03', 154),
(189, 1, 11, 1, '2022-08-18', 343),
(190, 17, 18, 5, '2022-09-30', 378),
(191, 15, 3, 7, '2022-08-18', 528),
(192, 20, 9, 6, '2022-10-12', 329),
(193, 5, 8, 1, '2022-06-27', 364),
(194, 13, 8, 8, '2022-04-03', 980),
(195, 14, 17, 2, '2022-08-25', 210),
(196, 19, 20, 10, '2022-12-26', 237),
(197, 5, 11, 3, '2022-06-15', 180),
(198, 18, 14, 7, '2022-04-03', 544),
(199, 1, 20, 4, '2022-06-17', 291),
(200, 18, 5, 4, '2022-01-02', 306),
(201, 17, 11, 5, '2022-08-15', 343),
(202, 1, 16, 4, '2022-10-04', 288),
(203, 12, 15, 8, '2022-06-11', 1040),
(204, 6, 15, 10, '2022-05-22', 230),
(205, 3, 12, 7, '2022-08-03', 605),
(206, 5, 16, 5, '2022-07-27', 367),
(207, 12, 13, 5, '2022-12-25', 378),
(208, 15, 20, 8, '2022-05-10', 1000),
(209, 8, 18, 6, '2022-10-26', 381),
(210, 14, 8, 1, '2022-10-22', 329),
(211, 8, 11, 8, '2022-01-23', 910),
(212, 4, 13, 6, '2022-01-08', 339),
(213, 14, 1, 10, '2022-11-04', 225),
(214, 9, 6, 7, '2022-12-04', 561),
(215, 1, 19, 6, '2022-04-12', 381),
(216, 6, 12, 3, '2022-08-19', 171),
(217, 12, 19, 9, '2022-05-02', 693),
(218, 17, 6, 4, '2022-10-12', 285),
(219, 20, 7, 10, '2022-11-11', 254),
(220, 1, 4, 3, '2022-11-08', 175),
(221, 7, 16, 1, '2022-05-26', 329),
(222, 3, 2, 2, '2022-12-17', 224),
(223, 3, 9, 3, '2022-10-24', 159),
(224, 7, 14, 8, '2022-04-17', 900),
(225, 13, 6, 8, '2022-03-09', 970),
(226, 19, 9, 4, '2022-06-21', 318),
(227, 20, 18, 7, '2022-10-11', 522),
(228, 9, 11, 3, '2022-08-09', 175),
(229, 13, 20, 1, '2022-09-28', 325),
(230, 20, 17, 3, '2022-02-16', 161),
(231, 7, 17, 3, '2022-12-28', 180),
(232, 6, 2, 2, '2022-11-11', 207),
(233, 1, 4, 1, '2022-07-14', 318),
(234, 4, 17, 4, '2022-10-13', 321),
(235, 7, 14, 7, '2022-01-04', 511),
(236, 13, 2, 4, '2022-11-28', 303),
(237, 20, 14, 9, '2022-04-23', 735),
(238, 3, 3, 7, '2022-01-25', 544),
(239, 14, 7, 8, '2022-12-28', 980),
(240, 3, 10, 5, '2022-02-28', 371),
(241, 12, 12, 1, '2022-03-31', 350),
(242, 18, 14, 7, '2022-11-24', 572),
(243, 7, 6, 1, '2022-03-23', 325),
(244, 18, 11, 8, '2022-12-02', 940),
(245, 15, 16, 7, '2022-11-12', 517),
(246, 3, 13, 8, '2022-05-20', 1090),
(247, 15, 8, 9, '2022-05-20', 714),
(248, 2, 3, 3, '2022-01-07', 173),
(249, 20, 9, 9, '2022-09-15', 735),
(250, 8, 12, 3, '2022-09-15', 163),
(251, 11, 18, 10, '2022-07-16', 261),
(252, 16, 7, 7, '2022-07-22', 594),
(253, 8, 19, 2, '2022-04-28', 207),
(254, 4, 8, 3, '2022-09-22', 159),
(255, 7, 13, 4, '2022-11-05', 324),
(256, 3, 12, 8, '2022-03-26', 950),
(257, 18, 18, 10, '2022-11-22', 256),
(258, 14, 13, 6, '2022-08-30', 357),
(259, 4, 11, 10, '2022-05-31', 235),
(260, 9, 12, 7, '2022-03-06', 566),
(261, 16, 19, 8, '2022-10-20', 1060),
(262, 9, 16, 8, '2022-10-22', 1060),
(263, 9, 16, 2, '2022-11-01', 220),
(264, 2, 4, 6, '2022-08-11', 360),
(265, 9, 15, 4, '2022-08-22', 306),
(266, 6, 14, 1, '2022-09-23', 374),
(267, 18, 10, 5, '2022-05-09', 329),
(268, 14, 9, 1, '2022-05-27', 364),
(269, 7, 16, 9, '2022-05-23', 742),
(270, 20, 2, 7, '2022-06-22', 561),
(271, 17, 11, 8, '2022-10-05', 1080),
(272, 19, 13, 10, '2022-12-01', 249),
(273, 2, 13, 10, '2022-11-05', 223),
(274, 20, 3, 1, '2022-01-06', 381),
(275, 17, 6, 8, '2022-07-02', 910),
(276, 15, 20, 3, '2022-03-25', 159),
(277, 16, 1, 6, '2022-10-22', 385),
(278, 4, 6, 1, '2022-10-18', 350),
(279, 20, 19, 6, '2022-09-04', 350),
(280, 1, 8, 1, '2022-11-12', 346),
(281, 13, 20, 2, '2022-09-13', 224),
(282, 5, 15, 6, '2022-05-01', 357),
(283, 20, 8, 5, '2022-07-26', 322),
(284, 7, 5, 7, '2022-06-19', 522),
(285, 12, 14, 1, '2022-01-19', 353),
(286, 5, 13, 5, '2022-01-10', 357),
(287, 10, 10, 3, '2022-07-31', 180),
(288, 16, 19, 1, '2022-10-27', 318),
(289, 7, 12, 4, '2022-04-26', 324),
(290, 11, 20, 8, '2022-12-12', 960),
(291, 10, 10, 7, '2022-11-30', 522),
(292, 16, 16, 5, '2022-06-08', 385),
(293, 12, 3, 10, '2022-04-07', 228),
(294, 3, 15, 8, '2022-11-11', 920),
(295, 6, 1, 3, '2022-06-17', 173),
(296, 18, 3, 3, '2022-10-27', 156),
(297, 14, 4, 5, '2022-03-14', 318),
(298, 17, 3, 1, '2022-09-30', 346),
(299, 16, 18, 8, '2022-05-24', 1100),
(300, 18, 4, 5, '2022-08-14', 318),
(301, 14, 15, 8, '2022-04-02', 1020),
(302, 13, 17, 7, '2022-10-09', 583),
(303, 4, 13, 5, '2022-04-19', 346),
(304, 6, 15, 7, '2022-06-10', 495),
(305, 19, 3, 9, '2022-09-20', 763),
(306, 6, 5, 9, '2022-06-10', 742),
(307, 12, 1, 5, '2022-10-18', 357),
(308, 16, 16, 9, '2022-10-31', 756),
(309, 16, 6, 4, '2022-12-21', 309),
(310, 18, 14, 9, '2022-04-15', 651),
(311, 11, 17, 5, '2022-04-27', 367),
(312, 11, 14, 2, '2022-12-10', 220),
(313, 16, 13, 6, '2022-04-26', 318),
(314, 3, 13, 6, '2022-09-07', 360),
(315, 5, 14, 9, '2022-11-07', 770),
(316, 19, 17, 4, '2022-04-23', 321),
(317, 4, 4, 7, '2022-06-16', 500),
(318, 12, 5, 1, '2022-07-29', 350),
(319, 1, 9, 5, '2022-09-27', 367),
(320, 2, 6, 6, '2022-05-19', 325),
(321, 11, 15, 1, '2022-06-20', 374),
(322, 7, 8, 1, '2022-11-28', 325),
(323, 13, 17, 6, '2022-07-13', 322),
(324, 16, 14, 9, '2022-08-24', 763),
(325, 4, 14, 4, '2022-09-17', 312),
(326, 13, 19, 6, '2022-02-09', 346),
(327, 4, 13, 3, '2022-10-21', 161),
(328, 4, 8, 4, '2022-06-01', 282),
(329, 8, 20, 8, '2022-10-11', 920),
(330, 3, 10, 3, '2022-01-05', 168),
(331, 14, 11, 9, '2022-10-25', 728),
(332, 6, 2, 1, '2022-09-05', 357),
(333, 8, 15, 4, '2022-05-29', 285),
(334, 18, 15, 1, '2022-06-11', 364),
(335, 1, 4, 6, '2022-04-17', 336),
(336, 7, 5, 1, '2022-06-22', 318),
(337, 11, 12, 10, '2022-04-03', 242),
(338, 5, 5, 4, '2022-09-04', 318),
(339, 18, 10, 5, '2022-04-24', 332),
(340, 9, 18, 1, '2022-02-04', 353),
(341, 20, 2, 10, '2022-12-07', 232),
(342, 18, 9, 4, '2022-09-28', 285),
(343, 4, 6, 5, '2022-03-05', 360),
(344, 13, 2, 5, '2022-12-17', 360),
(345, 8, 14, 4, '2022-01-30', 300),
(346, 18, 14, 3, '2022-08-13', 187),
(347, 4, 5, 10, '2022-04-14', 230),
(348, 18, 14, 7, '2022-05-04', 583),
(349, 10, 3, 3, '2022-12-29', 183),
(350, 5, 20, 5, '2022-11-16', 350),
(351, 8, 10, 4, '2022-03-16', 327),
(352, 13, 3, 8, '2022-07-19', 970),
(353, 15, 2, 3, '2022-02-09', 173),
(354, 5, 8, 4, '2022-06-21', 309),
(355, 7, 19, 5, '2022-10-06', 346),
(356, 3, 11, 6, '2022-12-04', 346),
(357, 12, 18, 5, '2022-04-28', 329),
(358, 3, 12, 6, '2022-03-24', 371),
(359, 11, 5, 9, '2022-04-27', 707),
(360, 9, 11, 9, '2022-05-15', 658),
(361, 8, 1, 1, '2022-03-24', 346),
(362, 10, 13, 1, '2022-05-14', 339),
(363, 11, 3, 9, '2022-05-31', 742),
(364, 8, 11, 2, '2022-08-06', 195),
(365, 6, 13, 10, '2022-03-19', 228),
(366, 20, 13, 5, '2022-12-21', 364),
(367, 3, 12, 2, '2022-06-13', 210),
(368, 18, 16, 8, '2022-06-12', 980),
(369, 17, 3, 10, '2022-07-14', 223),
(370, 10, 3, 3, '2022-06-10', 187),
(371, 12, 3, 7, '2022-12-29', 572),
(372, 12, 16, 6, '2022-01-26', 332),
(373, 2, 5, 1, '2022-12-29', 336),
(374, 4, 5, 5, '2022-07-03', 360),
(375, 14, 7, 7, '2022-08-16', 539),
(376, 3, 18, 10, '2022-06-24', 254),
(377, 4, 17, 5, '2022-01-26', 385),
(378, 12, 18, 9, '2022-06-28', 644),
(379, 8, 10, 10, '2022-02-11', 223),
(380, 18, 6, 8, '2022-06-04', 910),
(381, 9, 19, 9, '2022-10-27', 665),
(382, 15, 17, 8, '2022-01-23', 930),
(383, 1, 8, 9, '2022-07-02', 665),
(384, 6, 5, 5, '2022-07-01', 371),
(385, 10, 11, 10, '2022-10-27', 220),
(386, 17, 5, 6, '2022-03-18', 367),
(387, 9, 1, 1, '2022-12-31', 360),
(388, 16, 20, 1, '2022-11-10', 360),
(389, 3, 1, 5, '2022-04-27', 325),
(390, 7, 13, 1, '2022-01-17', 343),
(391, 2, 18, 4, '2022-06-24', 273),
(392, 12, 10, 4, '2022-06-13', 321),
(393, 7, 13, 5, '2022-02-18', 364),
(394, 15, 6, 7, '2022-01-28', 588),
(395, 2, 19, 3, '2022-12-16', 183),
(396, 9, 9, 10, '2022-08-20', 220),
(397, 19, 20, 10, '2022-03-13', 230),
(398, 14, 11, 1, '2022-06-19', 374),
(399, 4, 18, 4, '2022-03-10', 282),
(400, 3, 10, 10, '2022-05-01', 218),
(401, 19, 8, 5, '2022-10-27', 329),
(402, 11, 9, 9, '2022-04-19', 651),
(403, 20, 10, 1, '2022-07-31', 378),
(404, 2, 18, 5, '2022-07-17', 350),
(405, 5, 2, 1, '2022-09-28', 367),
(406, 7, 18, 6, '2022-03-05', 357),
(407, 11, 8, 1, '2022-11-20', 381),
(408, 6, 4, 1, '2022-08-29', 381),
(409, 9, 5, 8, '2022-10-29', 1100),
(410, 8, 12, 5, '2022-11-19', 336),
(411, 12, 10, 2, '2022-07-20', 207),
(412, 17, 10, 8, '2022-01-16', 1100),
(413, 19, 6, 9, '2022-12-18', 707),
(414, 14, 11, 6, '2022-06-19', 381),
(415, 6, 7, 6, '2022-02-18', 381),
(416, 15, 7, 5, '2022-03-28', 332),
(417, 9, 6, 4, '2022-10-09', 312),
(418, 18, 5, 4, '2022-06-24', 288),
(419, 1, 1, 6, '2022-02-20', 378),
(420, 13, 18, 8, '2022-09-04', 1020),
(421, 7, 6, 7, '2022-08-02', 605),
(422, 10, 19, 9, '2022-05-07', 658),
(423, 14, 20, 5, '2022-08-09', 364),
(424, 12, 16, 10, '2022-10-04', 235),
(425, 7, 11, 10, '2022-09-29', 247),
(426, 5, 16, 5, '2022-11-30', 322),
(427, 20, 9, 1, '2022-01-05', 325),
(428, 4, 4, 9, '2022-12-28', 630),
(429, 6, 12, 8, '2022-08-20', 940),
(430, 14, 1, 8, '2022-07-30', 1060),
(431, 5, 2, 10, '2022-08-01', 252),
(432, 8, 12, 8, '2022-11-01', 900),
(433, 15, 12, 7, '2022-11-16', 566),
(434, 20, 9, 6, '2022-02-26', 357),
(435, 5, 3, 1, '2022-09-14', 367),
(436, 15, 3, 8, '2022-09-08', 1020),
(437, 19, 3, 2, '2022-11-29', 203),
(438, 15, 6, 5, '2022-01-09', 329),
(439, 6, 16, 9, '2022-09-22', 714),
(440, 1, 9, 3, '2022-01-04', 173),
(441, 10, 15, 8, '2022-07-24', 1100),
(442, 7, 11, 8, '2022-08-10', 1040),
(443, 17, 14, 6, '2022-05-29', 367),
(444, 14, 5, 10, '2022-10-03', 220),
(445, 17, 10, 6, '2022-11-08', 336),
(446, 2, 8, 4, '2022-01-05', 330),
(447, 9, 12, 8, '2022-06-07', 1060),
(448, 8, 9, 3, '2022-02-06', 159),
(449, 8, 1, 5, '2022-10-27', 350),
(450, 11, 16, 6, '2022-03-10', 325),
(451, 18, 10, 1, '2022-01-09', 367),
(452, 18, 1, 4, '2022-04-12', 288),
(453, 4, 18, 5, '2022-05-21', 322),
(454, 15, 12, 8, '2022-11-02', 900),
(455, 3, 7, 9, '2022-04-15', 651),
(456, 14, 19, 7, '2022-12-06', 533),
(457, 12, 5, 3, '2022-03-13', 178),
(458, 9, 14, 1, '2022-11-08', 367),
(459, 7, 15, 7, '2022-10-06', 539),
(460, 11, 13, 6, '2022-04-06', 325),
(461, 16, 9, 4, '2022-10-30', 288),
(462, 12, 10, 4, '2022-03-02', 312),
(463, 15, 10, 9, '2022-09-21', 637),
(464, 17, 2, 3, '2022-05-31', 176),
(465, 8, 4, 10, '2022-07-01', 230),
(466, 15, 1, 1, '2022-08-12', 350),
(467, 12, 4, 5, '2022-10-30', 325),
(468, 9, 12, 9, '2022-06-17', 637),
(469, 8, 8, 3, '2022-09-03', 156),
(470, 15, 19, 7, '2022-11-17', 577),
(471, 15, 5, 3, '2022-03-15', 161),
(472, 2, 9, 5, '2022-12-04', 381),
(473, 2, 13, 5, '2022-04-07', 325),
(474, 8, 4, 7, '2022-05-05', 561),
(475, 16, 13, 3, '2022-11-05', 173),
(476, 3, 7, 1, '2022-01-23', 353),
(477, 10, 3, 1, '2022-07-26', 329),
(478, 15, 10, 8, '2022-09-14', 960),
(479, 17, 7, 10, '2022-07-08', 228),
(480, 17, 11, 7, '2022-04-14', 566),
(481, 15, 12, 8, '2022-08-03', 1010),
(482, 13, 11, 4, '2022-09-05', 297),
(483, 2, 4, 6, '2022-05-29', 322),
(484, 20, 7, 6, '2022-08-13', 360),
(485, 9, 20, 8, '2022-10-15', 1010),
(486, 15, 19, 2, '2022-11-30', 228),
(487, 10, 4, 6, '2022-01-09', 336),
(488, 2, 16, 10, '2022-08-07', 264),
(489, 17, 5, 1, '2022-10-28', 371),
(490, 2, 3, 2, '2022-10-04', 214),
(491, 1, 10, 7, '2022-04-06', 561),
(492, 8, 11, 7, '2022-05-20', 511),
(493, 3, 8, 1, '2022-03-09', 385),
(494, 14, 19, 7, '2022-06-21', 594),
(495, 3, 17, 7, '2022-09-20', 572),
(496, 12, 13, 4, '2022-05-28', 306),
(497, 6, 8, 10, '2022-03-25', 259),
(498, 4, 4, 9, '2022-08-15', 637),
(499, 12, 2, 10, '2022-08-24', 218),
(500, 4, 19, 9, '2022-02-23', 651),
(501, 16, 3, 3, '2022-08-05', 187),
(502, 18, 2, 3, '2022-11-27', 168),
(503, 17, 5, 10, '2022-04-07', 230),
(504, 17, 15, 1, '2022-11-01', 374),
(505, 11, 10, 10, '2022-08-22', 237),
(506, 14, 20, 5, '2022-12-06', 374),
(507, 20, 10, 4, '2022-04-26', 276),
(508, 12, 19, 10, '2022-08-18', 247),
(509, 9, 13, 9, '2022-02-22', 749),
(510, 5, 14, 9, '2022-10-31', 707),
(511, 8, 9, 10, '2022-08-16', 220),
(512, 10, 6, 7, '2022-02-01', 495),
(513, 10, 15, 10, '2022-04-07', 244),
(514, 17, 7, 9, '2022-03-14', 679),
(515, 16, 7, 4, '2022-04-14', 327),
(516, 20, 8, 1, '2022-04-27', 367),
(517, 12, 4, 10, '2022-04-18', 218),
(518, 4, 8, 10, '2022-03-07', 237),
(519, 5, 10, 8, '2022-10-19', 980),
(520, 19, 20, 7, '2022-12-16', 572),
(521, 18, 2, 8, '2022-04-05', 930),
(522, 8, 12, 1, '2022-04-04', 385),
(523, 12, 3, 6, '2022-01-06', 353),
(524, 12, 8, 1, '2022-02-13', 325),
(525, 14, 13, 7, '2022-02-24', 577),
(526, 4, 1, 2, '2022-06-14', 224),
(527, 4, 11, 9, '2022-08-19', 728),
(528, 2, 15, 2, '2022-09-04', 205),
(529, 15, 12, 10, '2022-06-14', 256),
(530, 2, 13, 1, '2022-10-24', 339),
(531, 5, 6, 3, '2022-06-21', 181),
(532, 18, 2, 9, '2022-05-02', 714),
(533, 18, 3, 1, '2022-09-10', 385),
(534, 17, 20, 2, '2022-07-29', 212),
(535, 2, 11, 7, '2022-10-19', 544),
(536, 15, 11, 7, '2022-09-19', 605),
(537, 17, 14, 10, '2022-07-15', 242),
(538, 20, 13, 6, '2022-01-06', 371),
(539, 11, 5, 5, '2022-09-08', 332),
(540, 20, 3, 3, '2022-03-12', 153),
(541, 15, 16, 1, '2022-05-02', 360),
(542, 11, 2, 7, '2022-07-07', 572),
(543, 15, 11, 7, '2022-06-26', 539),
(544, 5, 15, 3, '2022-09-07', 176),
(545, 8, 2, 4, '2022-01-02', 324),
(546, 1, 19, 8, '2022-02-03', 970),
(547, 1, 3, 9, '2022-08-08', 707),
(548, 5, 14, 2, '2022-08-26', 193),
(549, 9, 6, 3, '2022-05-18', 168),
(550, 14, 20, 8, '2022-11-04', 990),
(551, 1, 12, 2, '2022-12-13', 231),
(552, 16, 14, 8, '2022-03-19', 1020),
(553, 10, 1, 5, '2022-02-07', 329),
(554, 11, 2, 5, '2022-12-22', 381),
(555, 7, 7, 8, '2022-07-12', 1070),
(556, 15, 7, 9, '2022-09-15', 770),
(557, 4, 15, 9, '2022-11-12', 637),
(558, 18, 20, 3, '2022-10-28', 166),
(559, 8, 20, 10, '2022-01-19', 218),
(560, 7, 12, 1, '2022-12-23', 336),
(561, 16, 11, 9, '2022-06-07', 742),
(562, 19, 18, 6, '2022-10-28', 325),
(563, 3, 18, 9, '2022-12-04', 763),
(564, 11, 6, 6, '2022-11-17', 353),
(565, 11, 8, 10, '2022-08-17', 254),
(566, 8, 14, 10, '2022-07-16', 235),
(567, 6, 5, 3, '2022-07-09', 171),
(568, 12, 1, 4, '2022-04-07', 303),
(569, 7, 11, 9, '2022-06-27', 700),
(570, 14, 4, 7, '2022-03-31', 511),
(571, 8, 13, 6, '2022-05-05', 353),
(572, 12, 17, 9, '2022-09-29', 742),
(573, 14, 16, 1, '2022-01-23', 318),
(574, 6, 16, 3, '2022-09-30', 180),
(575, 15, 19, 5, '2022-04-11', 371),
(576, 15, 18, 9, '2022-12-20', 644),
(577, 1, 11, 2, '2022-12-01', 195),
(578, 1, 15, 1, '2022-09-28', 385),
(579, 14, 18, 8, '2022-01-15', 1060),
(580, 20, 9, 5, '2022-03-13', 374),
(581, 4, 9, 9, '2022-12-13', 700),
(582, 18, 19, 4, '2022-07-15', 282),
(583, 20, 10, 5, '2022-11-07', 332),
(584, 17, 12, 10, '2022-09-30', 247),
(585, 7, 15, 1, '2022-11-15', 346),
(586, 16, 1, 4, '2022-05-07', 270),
(587, 19, 3, 6, '2022-07-02', 336),
(588, 9, 2, 9, '2022-03-26', 665),
(589, 5, 3, 7, '2022-07-31', 572),
(590, 4, 7, 2, '2022-12-24', 189),
(591, 1, 17, 8, '2022-10-14', 1000),
(592, 15, 15, 3, '2022-10-24', 187),
(593, 20, 16, 9, '2022-04-15', 658),
(594, 7, 9, 5, '2022-04-11', 318),
(595, 8, 16, 3, '2022-11-12', 166),
(596, 11, 6, 4, '2022-02-09', 306),
(597, 19, 4, 8, '2022-09-10', 1070),
(598, 4, 13, 2, '2022-01-09', 205),
(599, 14, 18, 9, '2022-03-27', 763),
(600, 2, 3, 2, '2022-05-03', 222),
(601, 16, 1, 2, '2022-11-14', 197),
(602, 11, 18, 2, '2022-01-11', 224),
(603, 15, 16, 2, '2022-10-30', 224),
(604, 9, 16, 9, '2022-01-24', 651),
(605, 7, 7, 3, '2022-09-02', 183),
(606, 4, 11, 9, '2022-11-02', 630),
(607, 16, 11, 4, '2022-02-12', 315),
(608, 20, 20, 4, '2022-01-04', 330),
(609, 17, 18, 5, '2022-12-08', 339),
(610, 5, 9, 5, '2022-05-25', 357),
(611, 19, 2, 10, '2022-12-25', 259),
(612, 18, 1, 6, '2022-03-24', 346),
(613, 4, 13, 1, '2022-05-26', 353),
(614, 8, 7, 9, '2022-04-13', 630),
(615, 16, 6, 2, '2022-10-27', 226),
(616, 3, 8, 8, '2022-11-07', 980),
(617, 20, 16, 7, '2022-06-26', 495),
(618, 18, 16, 6, '2022-11-11', 325),
(619, 12, 2, 3, '2022-08-19', 178),
(620, 8, 20, 2, '2022-10-08', 218),
(621, 19, 13, 7, '2022-07-24', 539),
(622, 12, 17, 7, '2022-05-04', 605),
(623, 1, 14, 8, '2022-12-23', 1020),
(624, 4, 14, 6, '2022-12-02', 367),
(625, 15, 20, 2, '2022-12-10', 199),
(626, 15, 18, 7, '2022-10-13', 555),
(627, 1, 18, 5, '2022-03-01', 350),
(628, 1, 17, 8, '2022-03-10', 930),
(629, 18, 15, 2, '2022-03-27', 216),
(630, 12, 12, 9, '2022-12-05', 770),
(631, 17, 14, 9, '2022-01-24', 728),
(632, 11, 6, 5, '2022-07-09', 322),
(633, 20, 15, 10, '2022-07-12', 223),
(634, 6, 3, 5, '2022-05-12', 325),
(635, 3, 5, 1, '2022-07-16', 332),
(636, 8, 9, 2, '2022-05-08', 210),
(637, 3, 6, 5, '2022-10-24', 357),
(638, 15, 6, 2, '2022-09-13', 210),
(639, 6, 20, 9, '2022-03-10', 763),
(640, 14, 14, 8, '2022-05-26', 1020),
(641, 1, 2, 1, '2022-12-09', 371),
(642, 13, 7, 7, '2022-10-23', 522),
(643, 9, 20, 4, '2022-12-10', 279),
(644, 14, 14, 3, '2022-07-05', 168),
(645, 9, 15, 6, '2022-07-27', 325),
(646, 15, 3, 6, '2022-02-04', 353),
(647, 19, 19, 2, '2022-07-20', 216),
(648, 15, 20, 3, '2022-12-05', 178),
(649, 15, 20, 3, '2022-08-13', 153),
(650, 14, 7, 7, '2022-07-14', 561),
(651, 14, 4, 5, '2022-09-13', 343),
(652, 1, 14, 7, '2022-02-21', 599),
(653, 5, 19, 4, '2022-05-12', 282),
(654, 20, 18, 9, '2022-02-13', 742),
(655, 16, 19, 10, '2022-09-21', 244),
(656, 16, 19, 3, '2022-04-28', 173),
(657, 12, 8, 2, '2022-03-15', 203),
(658, 5, 8, 10, '2022-07-27', 216),
(659, 9, 6, 2, '2022-03-23', 226),
(660, 7, 17, 5, '2022-07-10', 315),
(661, 4, 15, 2, '2022-09-10', 203),
(662, 1, 8, 10, '2022-04-30', 261),
(663, 5, 4, 9, '2022-10-31', 742),
(664, 4, 5, 1, '2022-07-17', 343),
(665, 14, 11, 4, '2022-03-10', 303),
(666, 8, 20, 10, '2022-09-11', 232),
(667, 1, 13, 4, '2022-01-21', 300),
(668, 20, 14, 7, '2022-06-09', 533),
(669, 13, 4, 1, '2022-01-11', 350),
(670, 15, 6, 9, '2022-12-24', 630),
(671, 19, 12, 4, '2022-07-13', 312),
(672, 1, 14, 6, '2022-01-05', 374),
(673, 9, 7, 3, '2022-04-24', 171),
(674, 9, 1, 1, '2022-05-05', 378),
(675, 3, 14, 2, '2022-03-26', 191),
(676, 14, 6, 1, '2022-10-30', 374),
(677, 2, 6, 2, '2022-09-19', 214),
(678, 14, 16, 3, '2022-09-28', 164),
(679, 18, 2, 3, '2022-05-15', 183),
(680, 16, 19, 5, '2022-05-22', 367),
(681, 4, 10, 10, '2022-05-16', 264),
(682, 9, 18, 7, '2022-05-07', 599),
(683, 10, 5, 2, '2022-10-09', 193),
(684, 9, 4, 5, '2022-02-03', 360),
(685, 2, 5, 8, '2022-09-23', 920),
(686, 19, 17, 2, '2022-02-13', 220),
(687, 4, 6, 10, '2022-12-19', 242),
(688, 15, 6, 4, '2022-03-09', 321),
(689, 7, 15, 9, '2022-05-30', 658),
(690, 6, 4, 6, '2022-05-20', 367),
(691, 12, 4, 8, '2022-05-22', 1030),
(692, 16, 12, 10, '2022-04-21', 259),
(693, 12, 1, 7, '2022-01-18', 511),
(694, 17, 18, 10, '2022-01-19', 254),
(695, 1, 1, 9, '2022-05-09', 749),
(696, 5, 14, 1, '2022-02-27', 346),
(697, 2, 20, 8, '2022-02-06', 900),
(698, 14, 3, 10, '2022-09-24', 252),
(699, 6, 9, 4, '2022-09-30', 330),
(700, 14, 5, 3, '2022-03-05', 159),
(701, 6, 20, 9, '2022-03-29', 763),
(702, 14, 5, 9, '2022-02-16', 651),
(703, 5, 2, 4, '2022-01-10', 315),
(704, 3, 7, 8, '2022-04-29', 1090),
(705, 14, 3, 4, '2022-04-17', 327),
(706, 4, 9, 4, '2022-10-06', 279),
(707, 14, 2, 5, '2022-11-17', 353),
(708, 7, 8, 7, '2022-12-02', 577),
(709, 1, 13, 4, '2022-10-21', 318),
(710, 1, 11, 7, '2022-04-25', 550),
(711, 4, 18, 7, '2022-04-03', 500),
(712, 8, 2, 1, '2022-12-02', 357),
(713, 10, 5, 5, '2022-11-01', 350),
(714, 12, 15, 2, '2022-09-01', 216),
(715, 6, 11, 1, '2022-04-03', 353),
(716, 12, 10, 2, '2022-05-24', 218),
(717, 19, 6, 8, '2022-04-11', 1030),
(718, 4, 5, 4, '2022-11-12', 288),
(719, 17, 8, 1, '2022-06-04', 339),
(720, 2, 19, 1, '2022-04-18', 339),
(721, 13, 1, 3, '2022-07-15', 175),
(722, 2, 9, 4, '2022-01-13', 324),
(723, 1, 6, 3, '2022-02-14', 173),
(724, 14, 20, 3, '2022-06-12', 176),
(725, 8, 20, 1, '2022-06-07', 381),
(726, 19, 20, 8, '2022-06-12', 950),
(727, 6, 13, 5, '2022-03-18', 381),
(728, 17, 1, 10, '2022-11-02', 259),
(729, 12, 9, 7, '2022-07-04', 528),
(730, 7, 1, 3, '2022-12-29', 181),
(731, 1, 20, 6, '2022-05-17', 336),
(732, 10, 18, 3, '2022-08-14', 187),
(733, 19, 14, 9, '2022-09-30', 644),
(734, 11, 5, 7, '2022-02-19', 561),
(735, 15, 8, 3, '2022-01-29', 180),
(736, 15, 11, 2, '2022-04-02', 231),
(737, 5, 1, 7, '2022-06-22', 555),
(738, 6, 13, 8, '2022-02-10', 960),
(739, 18, 10, 5, '2022-11-15', 339),
(740, 19, 8, 3, '2022-11-02', 163),
(741, 3, 10, 1, '2022-01-29', 357),
(742, 17, 11, 5, '2022-09-07', 357),
(743, 2, 4, 3, '2022-10-24', 178),
(744, 6, 14, 8, '2022-08-02', 1100),
(745, 7, 13, 6, '2022-08-05', 325),
(746, 10, 13, 9, '2022-02-26', 749),
(747, 15, 17, 1, '2022-05-14', 322),
(748, 2, 13, 10, '2022-01-23', 240),
(749, 20, 2, 7, '2022-04-11', 577),
(750, 2, 5, 3, '2022-10-08', 168),
(751, 20, 19, 3, '2022-07-31', 168),
(752, 3, 17, 10, '2022-05-03', 240),
(753, 12, 11, 9, '2022-02-24', 770),
(754, 20, 14, 10, '2022-01-27', 259),
(755, 13, 12, 6, '2022-11-28', 325),
(756, 11, 9, 1, '2022-03-26', 374),
(757, 5, 9, 9, '2022-03-03', 749),
(758, 1, 16, 9, '2022-08-19', 728),
(759, 20, 11, 8, '2022-08-16', 900),
(760, 12, 17, 3, '2022-07-10', 168),
(761, 11, 14, 9, '2022-09-08', 651),
(762, 9, 11, 8, '2022-04-02', 920),
(763, 15, 16, 5, '2022-04-29', 360),
(764, 15, 17, 5, '2022-01-13', 325),
(765, 4, 13, 9, '2022-05-19', 735),
(766, 12, 15, 6, '2022-05-13', 339),
(767, 7, 19, 8, '2022-02-23', 1070),
(768, 18, 1, 7, '2022-07-08', 583),
(769, 17, 17, 5, '2022-07-05', 381),
(770, 2, 10, 4, '2022-08-27', 279),
(771, 12, 3, 8, '2022-02-18', 940),
(772, 12, 4, 5, '2022-05-30', 322),
(773, 8, 10, 2, '2022-01-12', 199),
(774, 6, 7, 9, '2022-11-12', 679),
(775, 5, 13, 10, '2022-09-10', 216),
(776, 18, 7, 6, '2022-03-23', 364),
(777, 1, 6, 1, '2022-12-20', 322),
(778, 11, 16, 5, '2022-12-26', 336),
(779, 20, 2, 7, '2022-06-14', 566),
(780, 3, 15, 5, '2022-07-04', 339),
(781, 1, 17, 1, '2022-01-26', 350),
(782, 18, 1, 3, '2022-09-22', 164),
(783, 16, 16, 8, '2022-05-06', 950),
(784, 17, 2, 8, '2022-08-24', 940),
(785, 10, 4, 3, '2022-07-03', 183),
(786, 8, 16, 2, '2022-07-15', 191),
(787, 13, 15, 5, '2022-04-16', 343),
(788, 11, 20, 10, '2022-10-27', 242),
(789, 11, 15, 6, '2022-03-13', 315),
(790, 11, 4, 10, '2022-07-21', 261),
(791, 1, 10, 9, '2022-09-17', 714),
(792, 10, 9, 9, '2022-07-14', 763),
(793, 3, 5, 3, '2022-05-19', 170),
(794, 11, 17, 6, '2022-06-24', 343),
(795, 4, 14, 1, '2022-04-11', 318),
(796, 19, 14, 4, '2022-01-13', 270),
(797, 10, 14, 7, '2022-10-18', 588),
(798, 19, 2, 10, '2022-11-07', 264),
(799, 19, 17, 2, '2022-04-02', 193),
(800, 19, 3, 10, '2022-05-22', 220),
(801, 20, 17, 5, '2022-01-28', 360),
(802, 17, 19, 5, '2022-10-25', 367),
(803, 5, 16, 3, '2022-06-30', 171),
(804, 12, 13, 6, '2022-04-05', 336),
(805, 13, 13, 7, '2022-02-02', 506),
(806, 15, 3, 3, '2022-04-26', 161),
(807, 4, 15, 2, '2022-02-11', 210),
(808, 13, 14, 4, '2022-12-09', 276),
(809, 11, 11, 9, '2022-06-07', 665),
(810, 20, 1, 3, '2022-12-31', 168),
(811, 5, 5, 4, '2022-09-21', 306),
(812, 6, 9, 1, '2022-08-12', 329),
(813, 6, 1, 4, '2022-12-24', 330),
(814, 11, 12, 7, '2022-11-28', 555),
(815, 12, 5, 10, '2022-07-20', 218),
(816, 9, 19, 3, '2022-04-08', 171),
(817, 18, 6, 5, '2022-07-22', 385),
(818, 7, 17, 9, '2022-05-26', 665),
(819, 2, 9, 9, '2022-11-30', 749),
(820, 10, 18, 7, '2022-12-27', 500),
(821, 15, 3, 2, '2022-06-16', 228),
(822, 1, 1, 1, '2022-07-29', 332),
(823, 19, 17, 4, '2022-08-23', 303),
(824, 17, 5, 3, '2022-10-11', 180),
(825, 6, 4, 1, '2022-10-13', 322),
(826, 2, 9, 8, '2022-03-07', 930),
(827, 17, 4, 7, '2022-12-17', 577),
(828, 6, 14, 6, '2022-08-29', 346),
(829, 11, 13, 6, '2022-04-14', 360),
(830, 20, 11, 1, '2022-07-24', 353),
(831, 8, 11, 2, '2022-01-19', 189),
(832, 20, 16, 9, '2022-09-06', 686),
(833, 18, 4, 10, '2022-12-26', 256),
(834, 10, 9, 6, '2022-06-12', 367),
(835, 6, 17, 2, '2022-11-13', 231),
(836, 19, 14, 1, '2022-06-21', 350),
(837, 19, 6, 9, '2022-05-29', 672),
(838, 10, 12, 6, '2022-06-18', 325),
(839, 8, 20, 5, '2022-07-25', 357),
(840, 4, 4, 4, '2022-02-24', 303),
(841, 17, 4, 9, '2022-01-25', 770),
(842, 18, 17, 9, '2022-03-06', 651),
(843, 8, 2, 10, '2022-02-28', 235),
(844, 20, 18, 1, '2022-11-12', 322),
(845, 4, 10, 6, '2022-04-07', 315),
(846, 13, 6, 3, '2022-10-29', 164),
(847, 19, 15, 4, '2022-09-18', 303),
(848, 3, 17, 10, '2022-07-09', 261),
(849, 11, 18, 8, '2022-03-18', 960),
(850, 17, 6, 10, '2022-05-19', 235),
(851, 7, 19, 1, '2022-12-17', 360),
(852, 1, 14, 4, '2022-12-19', 315),
(853, 19, 12, 2, '2022-01-15', 222),
(854, 9, 8, 5, '2022-01-29', 343),
(855, 12, 12, 4, '2022-01-02', 300),
(856, 14, 17, 10, '2022-05-08', 218),
(857, 8, 1, 9, '2022-08-08', 749),
(858, 7, 5, 4, '2022-08-31', 291),
(859, 11, 8, 1, '2022-03-14', 339),
(860, 6, 13, 7, '2022-05-15', 555),
(861, 5, 1, 3, '2022-08-28', 176),
(862, 8, 16, 9, '2022-11-22', 735),
(863, 7, 9, 1, '2022-10-07', 329),
(864, 20, 10, 3, '2022-07-24', 156),
(865, 14, 11, 2, '2022-11-07', 228),
(866, 14, 5, 8, '2022-09-27', 970),
(867, 14, 12, 5, '2022-10-29', 364),
(868, 19, 11, 8, '2022-11-17', 1060),
(869, 20, 6, 4, '2022-08-12', 273),
(870, 14, 15, 6, '2022-05-20', 350),
(871, 19, 8, 3, '2022-11-15', 161),
(872, 7, 19, 7, '2022-12-16', 555),
(873, 7, 6, 1, '2022-10-06', 322),
(874, 20, 19, 7, '2022-04-05', 566),
(875, 18, 5, 10, '2022-06-14', 259),
(876, 7, 10, 3, '2022-09-06', 156),
(877, 9, 19, 2, '2022-10-16', 189),
(878, 7, 8, 2, '2022-12-12', 210),
(879, 2, 6, 2, '2022-07-28', 203),
(880, 12, 3, 4, '2022-05-03', 306),
(881, 16, 15, 10, '2022-06-16', 237),
(882, 6, 5, 1, '2022-11-29', 325),
(883, 3, 20, 1, '2022-12-29', 318),
(884, 19, 8, 2, '2022-08-17', 197),
(885, 9, 19, 3, '2022-05-03', 168),
(886, 3, 2, 9, '2022-03-20', 679),
(887, 12, 3, 5, '2022-05-01', 343),
(888, 7, 8, 5, '2022-07-09', 364),
(889, 18, 19, 7, '2022-09-09', 511),
(890, 11, 1, 2, '2022-11-25', 203),
(891, 2, 1, 9, '2022-03-29', 672),
(892, 19, 2, 4, '2022-08-11', 312),
(893, 18, 9, 8, '2022-10-23', 960),
(894, 5, 8, 6, '2022-04-04', 315),
(895, 4, 3, 4, '2022-07-05', 312),
(896, 17, 1, 8, '2022-12-27', 950),
(897, 11, 2, 3, '2022-10-07', 183),
(898, 14, 11, 10, '2022-05-22', 247),
(899, 3, 2, 2, '2022-10-26', 218),
(900, 19, 18, 5, '2022-02-23', 385),
(901, 11, 16, 6, '2022-07-16', 371),
(902, 15, 4, 1, '2022-12-22', 336),
(903, 13, 19, 7, '2022-07-27', 555),
(904, 13, 4, 6, '2022-09-16', 374),
(905, 3, 1, 4, '2022-07-17', 324),
(906, 5, 9, 6, '2022-10-18', 332),
(907, 8, 3, 6, '2022-10-07', 371),
(908, 8, 20, 8, '2022-05-26', 1090),
(909, 18, 10, 3, '2022-04-10', 185),
(910, 10, 4, 10, '2022-08-30', 240),
(911, 12, 17, 7, '2022-10-03', 605),
(912, 16, 3, 10, '2022-02-18', 230),
(913, 14, 19, 3, '2022-01-16', 163),
(914, 20, 17, 10, '2022-07-08', 232),
(915, 1, 11, 9, '2022-04-06', 763),
(916, 14, 8, 3, '2022-09-07', 176),
(917, 2, 1, 8, '2022-12-22', 910),
(918, 11, 6, 7, '2022-08-23', 528),
(919, 18, 12, 7, '2022-08-07', 495),
(920, 4, 3, 4, '2022-06-23', 273),
(921, 16, 8, 3, '2022-11-12', 158),
(922, 15, 17, 6, '2022-11-14', 329),
(923, 5, 3, 9, '2022-12-04', 679),
(924, 1, 17, 4, '2022-05-18', 276),
(925, 5, 15, 10, '2022-05-03', 249),
(926, 5, 15, 1, '2022-09-12', 336),
(927, 15, 7, 5, '2022-07-30', 346),
(928, 2, 15, 2, '2022-03-05', 203),
(929, 9, 17, 6, '2022-12-17', 374),
(930, 14, 12, 3, '2022-05-27', 178),
(931, 16, 8, 4, '2022-11-10', 285),
(932, 13, 20, 3, '2022-12-15', 168),
(933, 12, 6, 4, '2022-06-29', 303),
(934, 1, 11, 7, '2022-02-19', 544),
(935, 1, 6, 3, '2022-02-23', 181),
(936, 15, 10, 6, '2022-12-14', 385),
(937, 18, 7, 1, '2022-11-03', 329),
(938, 7, 10, 6, '2022-04-03', 325),
(939, 17, 11, 1, '2022-08-25', 367),
(940, 16, 3, 2, '2022-09-05', 199),
(941, 2, 4, 8, '2022-12-11', 910),
(942, 11, 9, 8, '2022-04-17', 900),
(943, 3, 7, 5, '2022-03-19', 329),
(944, 13, 20, 5, '2022-07-11', 374),
(945, 17, 15, 1, '2022-11-18', 357),
(946, 6, 9, 10, '2022-05-11', 247),
(947, 20, 6, 7, '2022-11-06', 566),
(948, 19, 2, 7, '2022-11-25', 544),
(949, 14, 16, 10, '2022-03-17', 216),
(950, 11, 14, 9, '2022-07-18', 728),
(951, 19, 19, 8, '2022-09-09', 1090),
(952, 15, 5, 8, '2022-09-08', 930),
(953, 14, 19, 6, '2022-07-12', 332),
(954, 5, 3, 5, '2022-08-22', 318),
(955, 7, 8, 6, '2022-02-15', 353),
(956, 12, 5, 5, '2022-12-13', 385),
(957, 7, 13, 10, '2022-09-15', 264),
(958, 15, 19, 10, '2022-01-05', 218),
(959, 14, 5, 6, '2022-01-25', 367),
(960, 17, 4, 1, '2022-11-22', 336),
(961, 15, 20, 2, '2022-01-04', 205),
(962, 17, 7, 3, '2022-11-28', 159),
(963, 20, 10, 2, '2022-05-30', 191),
(964, 7, 12, 7, '2022-06-06', 605),
(965, 13, 17, 9, '2022-11-06', 735),
(966, 5, 10, 9, '2022-09-30', 721),
(967, 7, 9, 10, '2022-03-15', 247),
(968, 5, 18, 4, '2022-09-28', 276),
(969, 19, 16, 1, '2022-08-18', 329),
(970, 11, 17, 4, '2022-12-14', 291),
(971, 4, 1, 2, '2022-09-26', 216),
(972, 9, 2, 7, '2022-09-19', 572),
(973, 11, 1, 6, '2022-11-07', 332),
(974, 12, 3, 6, '2022-10-05', 325),
(975, 7, 3, 4, '2022-08-01', 318),
(976, 2, 1, 7, '2022-09-06', 550),
(977, 4, 2, 3, '2022-12-04', 166),
(978, 5, 13, 5, '2022-02-12', 336),
(979, 11, 1, 7, '2022-09-09', 561),
(980, 7, 4, 3, '2022-03-08', 170),
(981, 5, 16, 9, '2022-11-30', 714),
(982, 2, 1, 4, '2022-06-11', 330),
(983, 2, 18, 3, '2022-03-12', 187),
(984, 5, 8, 6, '2022-06-12', 353),
(985, 18, 14, 4, '2022-10-09', 288),
(986, 17, 4, 4, '2022-07-15', 306);

-- --------------------------------------------------------

--
-- Структура таблицы `service`
--

CREATE TABLE `service` (
  `id` int UNSIGNED NOT NULL,
  `name` varchar(50) NOT NULL,
  `cost` int NOT NULL
) ENGINE=InnoDB DEFAULT CHARSET=utf8mb3;

--
-- Дамп данных таблицы `service`
--

INSERT INTO `service` (`id`, `name`, `cost`) VALUES
(1, 'Профилактический приём', 350),
(2, 'Общий анализ крови', 210),
(3, 'Исследовние уровня глюкозы в крови', 170),
(4, 'Рентгенография легких', 300),
(5, 'Рентгенография турецкого седла', 350),
(6, 'Удаление ушной серы', 350),
(7, 'Электрокардиография', 550),
(8, 'Восстановление зуба пломбой', 1000),
(9, 'Удаление постоянного зуба', 700),
(10, 'Вакцинания от краснухи', 240);

-- --------------------------------------------------------

--
-- Структура таблицы `user`
--

CREATE TABLE `user` (
  `user_id` int NOT NULL,
  `user_login` varchar(20) DEFAULT NULL,
  `user_name` varchar(60) NOT NULL,
  `user_password` varchar(60) NOT NULL
) ENGINE=InnoDB DEFAULT CHARSET=utf8mb4 COLLATE=utf8mb4_0900_ai_ci;

--
-- Дамп данных таблицы `user`
--

INSERT INTO `user` (`user_id`, `user_login`, `user_name`, `user_password`) VALUES
(1, 'admin', 'admin', 'admin');

--
-- Индексы сохранённых таблиц
--

--
-- Индексы таблицы `department`
--
ALTER TABLE `department`
  ADD PRIMARY KEY (`id`),
  ADD UNIQUE KEY `head` (`head`),
  ADD KEY `head_2` (`head`);

--
-- Индексы таблицы `doctor`
--
ALTER TABLE `doctor`
  ADD PRIMARY KEY (`id`),
  ADD KEY `department_id` (`department_id`);

--
-- Индексы таблицы `patient`
--
ALTER TABLE `patient`
  ADD PRIMARY KEY (`id`);

--
-- Индексы таблицы `rendered_service`
--
ALTER TABLE `rendered_service`
  ADD PRIMARY KEY (`id`),
  ADD KEY `patient_id` (`patient_id`),
  ADD KEY `doctor_id` (`doctor_id`),
  ADD KEY `service_id` (`service_id`);

--
-- Индексы таблицы `service`
--
ALTER TABLE `service`
  ADD PRIMARY KEY (`id`);

--
-- Индексы таблицы `user`
--
ALTER TABLE `user`
  ADD PRIMARY KEY (`user_id`),
  ADD UNIQUE KEY `user_login` (`user_login`);

--
-- AUTO_INCREMENT для сохранённых таблиц
--

--
-- AUTO_INCREMENT для таблицы `department`
--
ALTER TABLE `department`
  MODIFY `id` int UNSIGNED NOT NULL AUTO_INCREMENT, AUTO_INCREMENT=6;

--
-- AUTO_INCREMENT для таблицы `doctor`
--
ALTER TABLE `doctor`
  MODIFY `id` int UNSIGNED NOT NULL AUTO_INCREMENT, AUTO_INCREMENT=22;

--
-- AUTO_INCREMENT для таблицы `patient`
--
ALTER TABLE `patient`
  MODIFY `id` int UNSIGNED NOT NULL AUTO_INCREMENT, AUTO_INCREMENT=21;

--
-- AUTO_INCREMENT для таблицы `rendered_service`
--
ALTER TABLE `rendered_service`
  MODIFY `id` int UNSIGNED NOT NULL AUTO_INCREMENT, AUTO_INCREMENT=988;

--
-- AUTO_INCREMENT для таблицы `service`
--
ALTER TABLE `service`
  MODIFY `id` int UNSIGNED NOT NULL AUTO_INCREMENT, AUTO_INCREMENT=11;

--
-- AUTO_INCREMENT для таблицы `user`
--
ALTER TABLE `user`
  MODIFY `user_id` int NOT NULL AUTO_INCREMENT, AUTO_INCREMENT=2;

--
-- Ограничения внешнего ключа сохраненных таблиц
--

--
-- Ограничения внешнего ключа таблицы `department`
--
ALTER TABLE `department`
  ADD CONSTRAINT `Department_ibfk_1` FOREIGN KEY (`head`) REFERENCES `doctor` (`id`) ON DELETE SET NULL ON UPDATE CASCADE;

--
-- Ограничения внешнего ключа таблицы `doctor`
--
ALTER TABLE `doctor`
  ADD CONSTRAINT `Doctor_ibfk_1` FOREIGN KEY (`department_id`) REFERENCES `department` (`id`) ON DELETE SET NULL ON UPDATE CASCADE;

--
-- Ограничения внешнего ключа таблицы `rendered_service`
--
ALTER TABLE `rendered_service`
  ADD CONSTRAINT `Rendered_Service_ibfk_1` FOREIGN KEY (`patient_id`) REFERENCES `patient` (`id`) ON DELETE SET NULL ON UPDATE CASCADE,
  ADD CONSTRAINT `Rendered_Service_ibfk_2` FOREIGN KEY (`doctor_id`) REFERENCES `doctor` (`id`) ON DELETE SET NULL ON UPDATE CASCADE,
  ADD CONSTRAINT `Rendered_Service_ibfk_3` FOREIGN KEY (`service_id`) REFERENCES `service` (`id`) ON DELETE SET NULL ON UPDATE CASCADE;
COMMIT;

/*!40101 SET CHARACTER_SET_CLIENT=@OLD_CHARACTER_SET_CLIENT */;
/*!40101 SET CHARACTER_SET_RESULTS=@OLD_CHARACTER_SET_RESULTS */;
/*!40101 SET COLLATION_CONNECTION=@OLD_COLLATION_CONNECTION */;
